{
    "best_fitness": [
        5.385529176066568,
        5.385529176066568,
        5.385529176066568,
        5.385529176066568,
        5.390881749315915,
        5.4847760729691775,
        5.752051282338784,
        5.998451415093598,
        6.770851443015624,
        6.770851443015624,
        6.770851443015624,
        6.770851443015624,
        6.770851443015624,
        6.770851443015624,
        6.770851443015624,
        6.770851443015624,
        6.770851443015624,
        6.770851443015624,
        6.770851443015624,
        6.770851443015624,
        6.770851443015624,
        6.770851443015624,
        6.770851443015624,
        6.770851443015624,
        6.770851443015624,
        6.770851443015624,
        6.770851443015624,
        6.770851443015624,
        6.770851443015624,
        6.770851443015624,
        6.770851443015624,
        6.770851443015624,
        6.770851443015624,
        6.996703474773527,
        6.996703474773527,
        6.996703474773527,
        6.996703474773527,
        6.996703474773527,
        6.996703474773527,
        7.031771138599682,
        7.031771138599682,
        7.031771138599682,
        7.031771138599682,
        7.031771138599682,
        7.031771138599682,
        7.171545594560997,
        7.649933558873109,
        7.649933558873109,
        7.649933558873109,
        7.649933558873109
    ],
    "avg_fitness": [
        0.6046493949496764,
        0.9709975689252038,
        1.336658116476946,
        1.6218283447592752,
        2.0065008567340326,
        2.3101831225015155,
        2.4271098266097857,
        2.606843183773768,
        2.732564533393055,
        2.854302775717845,
        2.9561406930051493,
        2.949060070827744,
        2.964041124204086,
        3.106440156669308,
        3.0649559084106004,
        3.0920759117299372,
        3.134953140519775,
        3.179040187412821,
        3.2018569579109064,
        3.209966132321922,
        3.2277616742423048,
        3.3105014134739097,
        3.361317049147786,
        3.3731771514761757,
        3.3834438774602726,
        3.3934943032236236,
        3.4133310000230783,
        3.4141858290009086,
        3.4161022885877976,
        3.4161022885877976,
        3.4161022885877976,
        3.447544959327588,
        3.447544959327588,
        3.4806401707060894,
        3.477956976417452,
        3.4865302354944516,
        3.4493702075457477,
        3.4493702075457477,
        3.393084569841046,
        3.3995721450263514,
        3.4238288602806453,
        3.398712106062023,
        3.401846434306724,
        3.4274546252205043,
        3.4331941565082826,
        3.437295489171642,
        3.455499666987661,
        3.3983066280284584,
        3.399731821454344,
        3.3523723169522377
    ],
    "archive_size": [
        35,
        40,
        42,
        47,
        47,
        51,
        54,
        55,
        56,
        56,
        57,
        58,
        58,
        58,
        59,
        59,
        60,
        60,
        60,
        60,
        60,
        60,
        60,
        61,
        61,
        61,
        61,
        61,
        61,
        61,
        61,
        61,
        61,
        61,
        62,
        62,
        63,
        63,
        65,
        66,
        66,
        67,
        67,
        67,
        67,
        67,
        67,
        69,
        70,
        71
    ]
}