{
    "best_fitness": [
        1.2843563468607757,
        1.7962551682923802,
        1.8508031818207635,
        1.8586007712743677,
        1.8586007712743677,
        1.8586007712743677,
        2.207842247347928,
        2.207842247347928,
        2.569545464034703,
        2.569545464034703,
        2.569545464034703,
        2.569545464034703,
        2.569545464034703,
        2.569545464034703,
        2.910410501036377,
        2.910410501036377,
        2.910410501036377,
        2.910410501036377,
        2.910410501036377,
        2.910410501036377,
        2.910410501036377,
        3.335357522456729,
        3.335357522456729,
        3.842516805925106,
        3.842516805925106,
        3.842516805925106,
        3.842516805925106,
        3.842516805925106,
        3.842516805925106,
        3.842516805925106,
        3.842516805925106,
        3.842516805925106,
        3.842516805925106,
        3.842516805925106,
        3.842516805925106,
        3.842516805925106,
        3.842516805925106,
        3.842516805925106,
        3.842516805925106,
        3.842516805925106,
        3.842516805925106,
        3.9932329513678475,
        3.9932329513678475,
        3.9932329513678475,
        3.9932329513678475,
        3.9932329513678475,
        3.9932329513678475,
        3.9932329513678475,
        3.9932329513678475,
        4.684549969718868
    ],
    "avg_fitness": [
        0.29956778385227967,
        0.43688146938064853,
        0.558996490641701,
        0.6772231258980758,
        0.7081940472632906,
        0.7504132163610215,
        0.8231348858842639,
        0.8527736462530406,
        0.9112533783257778,
        0.9243234125412961,
        0.9872158870504676,
        1.0669387394036312,
        1.0939668523357284,
        1.1667263890538946,
        1.2245656828960574,
        1.2410712952451748,
        1.198365764777813,
        1.2045188265501185,
        1.2379619730238713,
        1.2724834477042672,
        1.2973066674137383,
        1.341985917584277,
        1.3754149025897682,
        1.3803075095319868,
        1.3767382973000786,
        1.3779790214527314,
        1.354966827531035,
        1.3323683156790314,
        1.3369794594107247,
        1.3402560870240117,
        1.394684380416627,
        1.4293895653001134,
        1.451854964483479,
        1.4770499862695408,
        1.4537849912894025,
        1.4384678302978466,
        1.453078885280783,
        1.4733957746138995,
        1.4845070165723753,
        1.4991783322647514,
        1.4965596379817412,
        1.5247168895113774,
        1.5479481185700703,
        1.55673249339605,
        1.5630658043644325,
        1.5747560764333808,
        1.5855275758885528,
        1.5980537886864068,
        1.597993701271974,
        1.5988943992264608
    ],
    "archive_size": [
        39,
        45,
        52,
        57,
        65,
        73,
        78,
        82,
        84,
        87,
        90,
        93,
        97,
        98,
        100,
        103,
        108,
        114,
        117,
        119,
        123,
        127,
        131,
        136,
        138,
        141,
        147,
        151,
        152,
        154,
        156,
        156,
        158,
        161,
        166,
        169,
        176,
        181,
        182,
        185,
        188,
        192,
        196,
        197,
        200,
        203,
        204,
        208,
        211,
        213
    ]
}