{
    "best_fitness": [
        1.9103756665923983,
        2.662161236562794,
        2.662161236562794,
        3.0771294281839046,
        3.0771294281839046,
        3.0771294281839046,
        3.0771294281839046,
        3.0771294281839046,
        3.0771294281839046,
        3.0771294281839046,
        3.0771294281839046,
        3.0771294281839046,
        3.556439462208108,
        3.9183647344656802,
        3.9183647344656802,
        4.240160745919061,
        4.240160745919061,
        4.240160745919061,
        4.240160745919061,
        4.240160745919061,
        4.292955217387756,
        4.292955217387756,
        4.518318519329113,
        4.518318519329113,
        4.518318519329113,
        4.518318519329113,
        4.518318519329113,
        4.518318519329113,
        4.5792512266621985,
        4.5792512266621985
    ],
    "avg_fitness": [
        -0.11489054978798072,
        0.30893156058469595,
        0.795190631963942,
        0.7580974701266624,
        1.1034668366868468,
        1.6212332872783641,
        1.8267071535914832,
        1.9212695128772972,
        2.144830239834678,
        2.3749335711158572,
        2.4684552278027327,
        2.5073006809340574,
        2.5965553265791157,
        2.852868174793059,
        2.8378516875946476,
        2.917910003418746,
        2.9868587075513853,
        3.0791537017254758,
        3.4102694592314178,
        3.646592813075248,
        3.8517530675256086,
        3.9217049359941525,
        3.9855634974923158,
        3.915896431718303,
        4.034699804841764,
        3.9644559518221585,
        4.1585626639519475,
        4.095556727580895,
        4.182718718032635,
        4.2538275010182875
    ]
}