{
    "best_fitness": [
        2.689280518197174,
        2.7638328123682014,
        2.7638328123682014,
        3.634050384440616,
        3.634050384440616,
        3.634050384440616,
        3.634050384440616,
        3.634050384440616,
        3.634050384440616,
        3.634050384440616,
        3.634050384440616,
        3.634050384440616,
        3.634050384440616,
        3.634050384440616,
        4.0667660271120365,
        4.0667660271120365,
        4.0667660271120365,
        4.113892696698917,
        4.113892696698917,
        4.113892696698917,
        4.113892696698917,
        4.184610758461781,
        4.226713311624902,
        4.226713311624902,
        4.226713311624902,
        5.018872612010819,
        5.018872612010819,
        5.018872612010819,
        5.018872612010819,
        5.018872612010819,
        5.018872612010819,
        5.018872612010819,
        5.018872612010819,
        5.018872612010819,
        5.61842706138347,
        5.61842706138347,
        5.61842706138347,
        5.61842706138347,
        5.854254419876678,
        5.854254419876678,
        5.854254419876678,
        5.854254419876678,
        5.854254419876678,
        5.854254419876678,
        5.854254419876678,
        5.854254419876678,
        5.854254419876678,
        5.854254419876678,
        5.854254419876678,
        5.854254419876678
    ],
    "avg_fitness": [
        0.09606345890244357,
        1.639526604002563,
        1.2414225667545877,
        2.102505356748207,
        2.0466858870712894,
        0.8990339572051786,
        1.62952762469397,
        1.4701759434593578,
        1.1068381071590039,
        1.9157123140922903,
        1.5753961426769072,
        2.145302265901182,
        -0.420221974936298,
        2.2580448131095694,
        2.279438704117096,
        2.4676831240663906,
        2.4937058146450255,
        1.9283625707927976,
        2.3462997465351996,
        1.7557618904470838,
        1.9963195762616355,
        2.0812319047323693,
        2.4543124875340996,
        2.327200507087101,
        1.777895447291625,
        1.985699561947465,
        1.2909399071199348,
        2.0166145655039234,
        2.0715904809259147,
        2.1769701499672625,
        2.0320538073147367,
        2.2615898045537164,
        1.9408358071351617,
        2.651992551551073,
        2.196946351044054,
        2.50712562375843,
        2.5226853003063843,
        2.4654222952817495,
        4.145715077922342,
        3.995269365391213,
        2.2339891434268178,
        2.7082770161132657,
        2.588146898965123,
        1.8794539933580803,
        2.219174452062298,
        1.709115458198022,
        2.736375452721775,
        1.9935378893547344,
        2.824835597645909,
        3.117647120155213
    ]
}