{
    "best_fitness": [
        2.100015053887825,
        2.100015053887825,
        2.5247160291184585,
        2.5247160291184585,
        3.331330211429089,
        3.883201840991575,
        3.883201840991575,
        3.883201840991575,
        3.883201840991575,
        3.883201840991575,
        3.883201840991575,
        3.883201840991575,
        3.883201840991575,
        4.208781439085736,
        4.208781439085736,
        4.765878122312867,
        4.765878122312867,
        4.765878122312867,
        5.304870630702594,
        5.304870630702594,
        5.304870630702594,
        5.304870630702594,
        5.304870630702594,
        5.304870630702594,
        5.343742548955582,
        5.343742548955582,
        5.343742548955582,
        5.343742548955582,
        5.343742548955582,
        5.343742548955582,
        5.343742548955582,
        5.343742548955582,
        5.343742548955582,
        5.343742548955582,
        5.456491950669043,
        5.461680154077205,
        5.846274744885041,
        5.846274744885041,
        5.846274744885041,
        5.846274744885041,
        5.846274744885041,
        5.846274744885041,
        5.846274744885041,
        5.846274744885041,
        5.846274744885041,
        5.846274744885041,
        5.846274744885041,
        6.331252035528557,
        6.331252035528557,
        6.331252035528557
    ],
    "avg_fitness": [
        0.0022677492528696288,
        0.4428151773892923,
        0.49054907084435295,
        1.0228353571653748,
        1.3881414548846402,
        1.8577405283933495,
        1.9640261828151202,
        2.5108078989391163,
        2.943708802260996,
        3.1728647485846424,
        3.2856764325616847,
        3.454764339726251,
        3.2854295431638825,
        3.263863512741479,
        3.5359039500134783,
        3.7423994265755676,
        3.7570364124643656,
        3.9128276488244347,
        3.9126552637164576,
        3.9583322665376772,
        4.019414839108686,
        3.9583088048684902,
        4.0783265701713844,
        4.2262679459941745,
        4.396402770096455,
        4.172232133403923,
        3.9482391684458404,
        4.160268796850186,
        4.0301672567740665,
        4.381833716530611,
        4.2476783365344435,
        3.9721406566478437,
        4.0764099162662015,
        4.344475699969828,
        4.72670330207373,
        4.658721841578608,
        4.889875963344977,
        5.107713309687806,
        4.920742023244646,
        5.371032840615357,
        4.8056946621454175,
        5.062546074432806,
        5.053466894489339,
        5.437537763150046,
        5.237278485917472,
        4.952313858910779,
        5.303083228325461,
        4.903585753635305,
        5.188638509851843,
        4.892351511477782
    ]
}